{
  "nombre": "Moisés Moreno Exojo",
  "titulo": "Desarrollador Web",
  "resumen": "Desarrollador web con experiencia en tecnologías frontend y backend.",
  "experiencia": [
    {
      "puesto": "Desarrollador Full Stack",
      "empresa": "Code +",
      "periodo": "Enero 2018 - Presente",
      "descripcion": "Desarrollo y mantenimiento de aplicaciones web utilizando JavaScript, Node.js, React y MongoDB."
    },
    {
      "puesto": "Desarrollador Junior",
      "empresa": "WebDev Co.",
      "periodo": "Julio 2016 - Diciembre 2017",
      "descripcion": "Participación en proyectos de desarrollo web frontend con HTML, CSS y JavaScript."
    }
  ],
  "educacion": [
    {
      "titulo": "Grado en Desarrolo  de Aplicaciones Web",
      "institucion": "Ies Mar de Cdiz",
      "periodo": "2012 - 2016"
    }
  ],
  "habilidades": [
    "JavaScript",
    "HTML5",
    "CSS3",
    "Node.js",
    "React",
    "MongoDB",
    "SQL",
    "Git"
  ]
}
